Name	title	coding
t3_17kcigy	US internships for international students.	Job
t3_17r3ja6	Taking MATH 242 at very last semester	Course
t3_17p4xh6	ECSE427/COMP310 - Lost don't know how to start the assignment	Course
t3_17s59jw	Why is this subreddit so blatantly anti palestinian	News
t3_17m9zwh	With the current tuition hike, McGill should consider moving out of Quebec.	News
t3_17ma128	Is there anyone in film/ resources for film classes?	Course
t3_17mr80d	How to make friends as a grad student	Advice
t3_17lhqw9	Affordable Dental Services?	Advice
t3_17mh9e7	Current students: how has the tuition hike affected the likelihood of you staying and working in Montreal?	Discussion
t3_17nsv68	How large are upperclassmen classes?	Course
t3_17ohiz4	psyc 315, 331, or 333	Course
t3_17si7kl	Is securing a lab position that difficult?	Job
t3_17n1h95	MGSC 372 Midterm	Course
t3_17kvtin	MATH 324 vs MATH 329	Course
t3_17qu41b	ðŸŒ½ Introducing the McGill AI Society Kernel, our brand-new project incubator!	NR
t3_17r1sbx	To anyone that passed Math 141	Discussion
t3_17ook66	Tax services posters?	Advice
t3_17n8q5i	Shinzo wo sasageyo	NR
t3_17mbhdy	Are student publications still alive?	News
t3_17ovt3d	good news monday	News
t3_17le795	Yall need to leave me alone	Rant
t3_17q5if4	There's a special place in hell reserved for TAs who don't give feedback	Rant
t3_17qcdoh	Anyone thinking of transferring if the tuition hikes go through?	Discussion
t3_17sbfgk	authentificator app keeps asking for authentification when logging to mycourses	Advice
t3_17n1mi5	(Intensive) Beginners Spanish or French?	Course
t3_17ttgjq	Final Exam Advice	Advice
t3_17mmgsv	REAL TALK FRIDAY	Discussion
t3_17suflu	Wrote exam with accommodations/worried for aftermath	Discussion
t3_17o4q0z	Whatâ€™s going on with the tuition problem in Quebec?	News
t3_17q0slu	Research Paper 360	Course
t3_17l3dsf	Any web devs here?	Job
t3_17qpka3	GameDev McGill Charity Livestream (Extra Life)	NR
t3_17kb237	Any Yoruba-speaking McGillians around?	Advice
t3_17n1z48	COMP 273 Advise	Course
t3_17nv74l	what's the hardest math course you've taken at McGill	Advice
t3_17qtqye	When Should McGill Go Private? | HESA	Discussion
t3_17rwoej	REAL TALK FRIDAY	Discussion
t3_17qtgen	calling all psych students	Course
t3_17lh70y	Lost Poli student	Course
t3_17plp2e	Quebec rejects offer to not raise tuition for McGill, Concordia students	News
t3_17n4t5n	I was thinking about doing my masters of finance at McGill. Will not do it now.	Rant
t3_17nqlf5	McCall macbain Montreal interview	NR
t3_17mdkdq	McGill layoffs predicted, 600-700 staff, what a shame	News
t3_17nn8ge	It is open season on Quebecâ€™s anglophones	News
t3_17popv6	Working at MILA as an undergrad?	Job
t3_17lpeua	Entering Canada with Old Study Permit, Matching Old Passport, and New Passport	NR
t3_17rhf7d	Need tips for the exchange program!	Advice
t3_17kzjnq	Grad school with low gpa	Advice
t3_17klwph	Study permit question	NR
t3_17owjfg	Sexual violence services	NR
